                  epoch,         train/box_loss,         train/cls_loss,         train/dfl_loss,   metrics/precision(B),      metrics/recall(B),       metrics/mAP50(B),    metrics/mAP50-95(B),           val/box_loss,           val/cls_loss,           val/dfl_loss,                 lr/pg0,                 lr/pg1,                 lr/pg2
                      1,                 1.5263,                 1.4504,                 1.0681,                0.48461,                0.27637,                0.26704,                0.14432,                    nan,                    nan,                    nan,              0.0033326,              0.0033326,              0.0033326
                      2,                  1.472,                 1.0975,                 1.0394,                0.51106,                0.30395,                0.29499,                 0.1588,                    nan,                    nan,                    nan,              0.0065779,              0.0065779,              0.0065779
                      3,                 1.4799,                  1.041,                 1.0417,                0.43023,                0.31167,                0.31437,                 0.1695,                    nan,                    nan,                    nan,              0.0097353,              0.0097353,              0.0097353
                      4,                 1.4636,                0.99783,                 1.0388,                0.48714,                 0.3205,                0.33783,                0.18274,                    nan,                    nan,                    nan,               0.009604,               0.009604,               0.009604
                      5,                 1.4323,                0.95384,                 1.0266,                0.48362,                0.34496,                0.36051,                0.19449,                    nan,                    nan,                    nan,               0.009604,               0.009604,               0.009604
                      6,                 1.4131,                 0.9273,                 1.0187,                0.48961,                0.35702,                0.37438,                0.20449,                    nan,                    nan,                    nan,               0.009472,               0.009472,               0.009472
                      7,                 1.3973,                0.90974,                 1.0127,                0.50301,                0.36437,                0.38469,                 0.2085,                    nan,                    nan,                    nan,                0.00934,                0.00934,                0.00934
                      8,                 1.3886,                0.89735,                  1.009,                0.52704,                0.36416,                0.39209,                0.21345,                    nan,                    nan,                    nan,               0.009208,               0.009208,               0.009208
                      9,                  1.379,                0.88731,                 1.0054,                0.61377,                0.36894,                0.39652,                0.21676,                    nan,                    nan,                    nan,               0.009076,               0.009076,               0.009076
                     10,                 1.3771,                0.88183,                 1.0035,                0.62669,                0.37167,                0.40016,                0.21921,                    nan,                    nan,                    nan,               0.008944,               0.008944,               0.008944
                     11,                 1.3677,                0.87325,                 1.0002,                0.51807,                0.37487,                0.40281,                0.22133,                    nan,                    nan,                    nan,               0.008812,               0.008812,               0.008812
                     12,                 1.3667,                0.86942,                0.99951,                0.52076,                0.37767,                0.40462,                0.22253,                    nan,                    nan,                    nan,                0.00868,                0.00868,                0.00868
                     13,                  1.361,                0.86476,                 0.9984,                0.62876,                 0.3769,                0.40698,                0.22451,                    nan,                    nan,                    nan,               0.008548,               0.008548,               0.008548
                     14,                 1.3581,                0.85916,                0.99618,                0.63399,                0.37643,                0.40811,                0.22559,                    nan,                    nan,                    nan,               0.008416,               0.008416,               0.008416
                     15,                 1.3554,                 0.8566,                0.99562,                0.63345,                0.37951,                0.40965,                0.22638,                    nan,                    nan,                    nan,               0.008284,               0.008284,               0.008284
                     16,                 1.3514,                0.85317,                0.99348,                0.63198,                0.38114,                0.41105,                0.22705,                    nan,                    nan,                    nan,               0.008152,               0.008152,               0.008152
                     17,                   1.35,                0.85033,                0.99285,                0.63495,                0.38149,                0.41257,                0.22811,                    nan,                    nan,                    nan,                0.00802,                0.00802,                0.00802
                     18,                 1.3467,                0.84728,                0.99156,                0.64159,                 0.3807,                0.41365,                0.22895,                    nan,                    nan,                    nan,               0.007888,               0.007888,               0.007888
                     19,                 1.3457,                0.84564,                0.99114,                0.64366,                0.38121,                0.41481,                0.22938,                    nan,                    nan,                    nan,               0.007756,               0.007756,               0.007756
                     20,                 1.3444,                0.84371,                0.98942,                0.64487,                0.38296,                0.41573,                0.23036,                    nan,                    nan,                    nan,               0.007624,               0.007624,               0.007624
                     21,                 1.3391,                0.83874,                0.98872,                 0.6491,                0.38228,                0.41695,                0.23114,                    nan,                    nan,                    nan,               0.007492,               0.007492,               0.007492
                     22,                 1.3407,                0.83826,                0.98891,                0.65111,                0.38261,                0.41799,                0.23188,                    nan,                    nan,                    nan,                0.00736,                0.00736,                0.00736
                     23,                 1.3359,                0.83405,                0.98686,                0.65187,                0.38249,                0.41924,                0.23256,                    nan,                    nan,                    nan,               0.007228,               0.007228,               0.007228
                     24,                 1.3347,                0.83332,                0.98666,                0.64915,                0.38336,                 0.4198,                0.23285,                    nan,                    nan,                    nan,               0.007096,               0.007096,               0.007096
                     25,                 1.3339,                0.83124,                0.98596,                0.65363,                0.38347,                0.42107,                0.23365,                    nan,                    nan,                    nan,               0.006964,               0.006964,               0.006964
                     26,                 1.3329,                0.83049,                0.98528,                0.64986,                0.38521,                0.42212,                0.23452,                    nan,                    nan,                    nan,               0.006832,               0.006832,               0.006832
                     27,                 1.3312,                0.82923,                0.98451,                0.65132,                0.38643,                0.42338,                0.23521,                    nan,                    nan,                    nan,                 0.0067,                 0.0067,                 0.0067
                     28,                 1.3294,                0.82651,                0.98433,                 0.6561,                0.38361,                0.42386,                0.23591,                    nan,                    nan,                    nan,               0.006568,               0.006568,               0.006568
                     29,                 1.3278,                0.82505,                  0.983,                0.65266,                0.38707,                0.42439,                0.23616,                    nan,                    nan,                    nan,               0.006436,               0.006436,               0.006436
                     30,                 1.3286,                0.82449,                0.98319,                0.65249,                0.38717,                0.42525,                0.23671,                    nan,                    nan,                    nan,               0.006304,               0.006304,               0.006304
                     31,                 1.3265,                0.82281,                0.98275,                0.65062,                0.38842,                0.42623,                0.23739,                    nan,                    nan,                    nan,               0.006172,               0.006172,               0.006172
                     32,                 1.3225,                 0.8189,                0.98151,                 0.6476,                0.39029,                 0.4272,                0.23799,                    nan,                    nan,                    nan,                0.00604,                0.00604,                0.00604
                     33,                 1.3232,                0.81875,                0.98172,                0.64964,                0.39077,                0.42783,                0.23876,                    nan,                    nan,                    nan,               0.005908,               0.005908,               0.005908
                     34,                 1.3225,                0.81692,                0.98191,                0.65008,                0.39178,                0.42861,                0.23926,                    nan,                    nan,                    nan,               0.005776,               0.005776,               0.005776
                     35,                 1.3208,                0.81576,                 0.9807,                0.65281,                0.39075,                0.42938,                0.23977,                    nan,                    nan,                    nan,               0.005644,               0.005644,               0.005644
                     36,                 1.3172,                0.81391,                0.97866,                0.65327,                0.39089,                0.43002,                0.24036,                    nan,                    nan,                    nan,               0.005512,               0.005512,               0.005512
                     37,                 1.3145,                0.81059,                0.97801,                0.65581,                0.39042,                0.43109,                0.24076,                    nan,                    nan,                    nan,                0.00538,                0.00538,                0.00538
                     38,                 1.3159,                0.80953,                0.97761,                0.65656,                0.39178,                0.43148,                0.24135,                    nan,                    nan,                    nan,               0.005248,               0.005248,               0.005248
                     39,                 1.3116,                0.80784,                0.97675,                0.65508,                0.39381,                0.43234,                0.24201,                    nan,                    nan,                    nan,               0.005116,               0.005116,               0.005116
                     40,                 1.3128,                0.80772,                0.97719,                0.65929,                0.39223,                0.43304,                0.24272,                    nan,                    nan,                    nan,               0.004984,               0.004984,               0.004984
                     41,                 1.3124,                0.80607,                0.97725,                0.65677,                0.39404,                0.43409,                0.24296,                    nan,                    nan,                    nan,               0.004852,               0.004852,               0.004852
                     42,                 1.3109,                0.80554,                0.97574,                0.65527,                0.39395,                0.43474,                0.24334,                    nan,                    nan,                    nan,                0.00472,                0.00472,                0.00472
                     43,                 1.3097,                0.80241,                 0.9753,                0.65793,                0.39319,                0.43531,                0.24371,                    nan,                    nan,                    nan,               0.004588,               0.004588,               0.004588
                     44,                 1.3076,                0.80021,                0.97492,                0.66141,                0.39447,                0.43651,                0.24422,                    nan,                    nan,                    nan,               0.004456,               0.004456,               0.004456
                     45,                  1.307,                0.80027,                0.97444,                0.65955,                0.39523,                0.43706,                0.24479,                    nan,                    nan,                    nan,               0.004324,               0.004324,               0.004324
                     46,                 1.3043,                0.79792,                0.97402,                0.66165,                0.39557,                0.43785,                0.24523,                    nan,                    nan,                    nan,               0.004192,               0.004192,               0.004192
                     47,                 1.3033,                0.79567,                0.97344,                0.66092,                0.39622,                0.43854,                0.24561,                    nan,                    nan,                    nan,                0.00406,                0.00406,                0.00406
                     48,                 1.3013,                0.79431,                  0.973,                0.65594,                0.39786,                0.43905,                0.24604,                    nan,                    nan,                    nan,               0.003928,               0.003928,               0.003928
                     49,                 1.3003,                0.79332,                0.97188,                0.65434,                 0.4001,                0.43965,                0.24648,                    nan,                    nan,                    nan,               0.003796,               0.003796,               0.003796
                     50,                 1.3007,                0.79154,                0.97217,                0.65385,                0.40175,                0.44028,                0.24681,                    nan,                    nan,                    nan,               0.003664,               0.003664,               0.003664
                     51,                 1.2976,                0.78938,                0.97062,                0.65352,                0.40384,                0.44085,                0.24721,                    nan,                    nan,                    nan,               0.003532,               0.003532,               0.003532
                     52,                 1.2952,                0.78746,                0.97088,                0.65166,                0.40482,                0.44105,                0.24752,                    nan,                    nan,                    nan,                 0.0034,                 0.0034,                 0.0034
                     53,                 1.2943,                0.78516,                0.96959,                 0.6535,                0.40568,                0.44198,                0.24786,                    nan,                    nan,                    nan,               0.003268,               0.003268,               0.003268
                     54,                 1.2924,                0.78442,                 0.9697,                0.65652,                0.40559,                0.44297,                0.24805,                    nan,                    nan,                    nan,               0.003136,               0.003136,               0.003136
                     55,                 1.2918,                0.78312,                0.96828,                0.65711,                0.40683,                 0.4435,                0.24836,                    nan,                    nan,                    nan,               0.003004,               0.003004,               0.003004
                     56,                 1.2894,                0.78102,                0.96816,                0.65871,                0.40673,                0.44395,                0.24871,                    nan,                    nan,                    nan,               0.002872,               0.002872,               0.002872
                     57,                 1.2879,                0.77817,                0.96797,                0.66166,                0.40519,                0.44462,                0.24904,                    nan,                    nan,                    nan,                0.00274,                0.00274,                0.00274
                     58,                 1.2854,                0.77639,                0.96743,                0.66202,                0.40565,                0.44479,                0.24929,                    nan,                    nan,                    nan,               0.002608,               0.002608,               0.002608
                     59,                 1.2847,                0.77516,                0.96553,                0.66069,                0.40631,                0.44533,                 0.2497,                    nan,                    nan,                    nan,               0.002476,               0.002476,               0.002476
                     60,                 1.2835,                 0.7739,                0.96624,                 0.6619,                0.40614,                 0.4462,                0.24988,                    nan,                    nan,                    nan,               0.002344,               0.002344,               0.002344
                     61,                 1.2789,                0.76971,                0.96481,                0.65778,                0.40897,                0.44669,                0.25026,                    nan,                    nan,                    nan,               0.002212,               0.002212,               0.002212
                     62,                 1.2781,                0.76726,                0.96415,                0.66043,                0.40848,                0.44741,                0.25053,                    nan,                    nan,                    nan,                0.00208,                0.00208,                0.00208
                     63,                 1.2775,                0.76737,                0.96436,                0.66043,                0.40806,                0.44742,                0.25081,                    nan,                    nan,                    nan,               0.001948,               0.001948,               0.001948
                     64,                 1.2737,                0.76249,                0.96304,                0.66054,                0.40803,                0.44784,                0.25106,                    nan,                    nan,                    nan,               0.001816,               0.001816,               0.001816
                     65,                 1.2745,                 0.7609,                0.96204,                 0.6603,                0.40951,                 0.4484,                0.25142,                    nan,                    nan,                    nan,               0.001684,               0.001684,               0.001684
                     66,                 1.3067,                0.75907,                0.96486,                0.66324,                0.40851,                 0.4487,                 0.2514,                    nan,                    nan,                    nan,               0.001552,               0.001552,               0.001552
                     67,                 1.3015,                0.75352,                0.96235,                0.66603,                0.40847,                0.44906,                0.25165,                    nan,                    nan,                    nan,                0.00142,                0.00142,                0.00142
                     68,                 1.2999,                0.75016,                 0.9619,                 0.6666,                0.40743,                0.44909,                0.25204,                    nan,                    nan,                    nan,               0.001288,               0.001288,               0.001288
                     69,                 1.2956,                0.74661,                0.96067,                0.66791,                 0.4075,                0.44942,                0.25231,                    nan,                    nan,                    nan,               0.001156,               0.001156,               0.001156
                     70,                 1.2937,                0.74301,                0.96023,                0.66863,                0.40652,                0.44956,                0.25235,                    nan,                    nan,                    nan,               0.001024,               0.001024,               0.001024
                     71,                 1.2908,                0.74059,                0.95889,                0.66857,                0.40662,                0.44982,                0.25276,                    nan,                    nan,                    nan,               0.000892,               0.000892,               0.000892
                     72,                  1.289,                0.73709,                0.95791,                0.67156,                0.40762,                0.45028,                0.25303,                    nan,                    nan,                    nan,                0.00076,                0.00076,                0.00076
                     73,                 1.2851,                0.73292,                0.95609,                0.66998,                0.40977,                0.45042,                0.25306,                    nan,                    nan,                    nan,               0.000628,               0.000628,               0.000628
                     74,                  1.283,                 0.7302,                 0.9561,                0.67347,                0.40806,                0.45084,                0.25334,                    nan,                    nan,                    nan,               0.000496,               0.000496,               0.000496
                     75,                  1.281,                0.72765,                 0.9553,                0.67477,                0.40787,                0.45099,                0.25353,                    nan,                    nan,                    nan,               0.000364,               0.000364,               0.000364
